"text","concept","right","pred_concept","concept_predprob","pred_right"
" Is not it a fundamental right that people�s pay packets should not be interfered with, without them knowing exactly where the money and the dues are going? That is what this Bill seeks to achieve","AUTONOMY","GENERAL","BALANC","0.9999","STRIKE"
"and many others now facing the prospect of losing their job as deeper cuts to the public sector continue to bite.","ECONOMIC","STATUS","BALANC","0.8366","GENERAL"
"This is a vindictive Bill that is designed not to address a social, moral or economic priority, but to fundamentally damage political opposition. It is more than a step too far.","POLIT","GENERAL","POLIT","0.7879","GENERAL"
"Does the Minister see this as helping people to overcome some of that stigma by not having to go through the court process?","RELATE","GENERAL","RIGHTS","0.9999","GENERAL"
"Is this Bill justified? The European convention clearly states in article 11 that a restriction on the right to strike would be judged by reference to whether it is

�necessary in a democratic society�.

With strike action at an all-time low. I see no legal justification for such savage stripping of fundamental democratic rights.","LEGAL","STRIKE","AUTONOMY","1.0000","STRIKE"
"The reality is that safe agreements are negotiated between the staff and the employers. That happens on the ground, the process and the outcomes protect the NHS, because that is what staff want to do.","BALANC","STRIKE","RELATE","1.0000","STRIKE"
"He will know, first, that the British people voted for this Bill at the general election and, secondly, that opinion poll after opinion poll has shown broad support for the measures we are discussing today.","POLIT","GENERAL","JUST","1.0000","GENERAL"
"They recognise that collective consultation with their workforce can be valuable in finding solutions to the challenges that businesses face","ECONOMIC","STRIKE","RELATE","1.0000","STATUS"
" Businesses need to ensure that the process for terminating is not unduly onerous and that consumers can signal their intent to end the contract through a single communication.","JUST","","COMPL","0.9975","SECURITY"
"I may not have seen it in the Bill, but does the Minister have any plans to ensure that this becomes a protected area of sick leave?","RIGHTS","WAGES","RIGHTS","0.8386","WAGES"
" If the Government are going to introduce thresholds, they need to consider securing workplace balloting, which could be easily sorted out by Electoral Reform Services, or online voting.","REPLIC","GENERAL","REPLIC","0.7358","STRIKE"
"Trade unions have a constructive role to play, but like all organisations they must modernise, move with the times, and accept that with power and influence comes the need for more accountability and more transparency.","REPLIC","GENERAL","BALANC","1.0000","STRIKE"
"The Bill will ensure that we protect the ability of workers to take industrial action, but that we also protect the public from disproportionate disruption to their daily lives and that, to put it simply, one person’s right to strike does not infringe on someone else’s right to life and limb.","ECONOMIC","STRIKE","PHYSICAL","1.0000","STRIKE"
" We think that that is the right balance and that it will leave people in a much better position.","BALANC","WAGES","BALANC","0.9639","WAGES"
" As with most of this Government’s policies, this attempt to deny workers what is universally regarded as a fundamental human right seeks to divide communities and pit worker against worker, forcing some of them to walk past their colleagues and cross picket lines—although everyone here knows that I never have and never will cross a picket line.","JUST","STRIKE","AUTONOMY","0.9778","STRIKE"
"The Government say that they want to give trade unions more democratic legitimacy, but this is, in fact, about delegitimising trade unions, increasing the threshold they need in order to go on strike but  resisting their modernising calls to introduce electronic ballots.","AUTONOMY","STRIKE","RIGHTS","1.0000","GENERAL"
"What has happened in that disruption is that although the nurses have very sensibly provided a national level of safe service, unfortunately the same has not happened in the ambulance service. That is why this legislation is required in other areas at this time","ADEQ","STRIKE","PHYSICAL","1.0000","STRIKE"
"Does my hon. Friend agree that as the Bill is a fundamental attack on democracy, human rights and trade unions, it will boost Labour party membership by thousands more as people protest against this evil Bill?","JUST","GENERAL","AUTONOMY","1.0000","GENERAL"
"It is fairly obvious to say that a minimum service level in railways, for example, is about people’s livelihoods rather than safety, but that the NHS and the ambulance service not agreeing nationally is a minimum safety level issue.","ECONOMIC","STRIKE","PHYSICAL","1.0000","STRIKE"
"I think that it is very unfortunate that the RMT has chosen to be so confrontational.","RELATE","GENERAL","CREATE","0.8994","STRIKE"
"The thresholds proposed in the Bill are a hypocrisy. Why should we apply a higher standard to working people who wish to organise unions in this country than we apply to ourselves? I would not be serving in this House today if I had been expected to meet the thresholds  that have been proposed for our trade unions.","CREATE","GENERAL","RIGHTS","1.0000","GENERAL"
"It does not remove people’s ability to strike, but it prevents union bosses who perhaps are not as reasonable as the RCN from calling strikes that potentially put people’s lives at risk.","RELATE","STRIKE","PHYSICAL","0.9986","STRIKE"
"and poses a real and present danger to our economic viability as a nation. I call on Members to reject this Bill today. Failure to do so will open an economic and democratic Pandora�s box that unleashes something so pernicious that we will not be able to close the lid again.","ECONOMIC","GENERAL","JUST","1.0000","GENERAL"
"Just as the workplace has evolved and improved since that time, so the trade unions and the laws that govern them have developed too. I hope that, in 2015, no one would argue for the return of the closed shop, the show-of-hands votes in dimly lit car parks or the wildcat walk-outs enforced by a handful of heavies.  That is why the Labour Government repealed not a single piece of union legislation during their 13 years in power. Now it is time for Britain�s unions to take the next step, and the Bill will help to achieve just that.
","COMPAR","STRIKE","POWER","1.0000","STRIKE"
"It is important to say that I agree with him, for once, because we are trying to work constructively—as we should—to bring strikes to a conclusion, but we must not do so at the expense of the lives and livelihoods of our constituents.","PHYSICAL","STRIKE","RELATE","1.0000","STRIKE"
"The reforms before us will help and support regular union members who come up against the worst excesses of those on the left who put firebrand politics first.
","POLIT","GENERAL","POLIT","1.0000","GENERAL"
"The Government have tabled a range of amendments in relation to zero-hours measures. These amendments will help ensure that the zero-hours contract reforms work for workers and employers, supporting a culture where secure work and prosperous growth go hand in hand.","BALANC","STATUS","BALANC","1.0000","STATUS"
"The Secretary of State just mentioned that minimum service levels exist in many other countries, including Italy, Spain and France.","COMPAR","STRIKE","COMPAR","1.0000","STRIKE"
"No party can claim to be representative of workers when they attack the workers� very own institutions�the trade unions.","AUTONOMY","GENERAL","POLIT","1.0000","GENERAL"
"This whole debate is about balancing the right to strike with the right of our citizens to have access to key services when they need them—the right of citizens to get to work, the right of children to get to school, and the right of small business owners to continue their business.
","BALANC","STRIKE","BALANC","1.0000","STRIKE"
"This is a landmark Bill that, once implemented, will represent the biggest upgrade in employment rights for a generation. ","RIGHTS","GENERAL","RIGHTS","1.0000","SECURITY"
"To cut back facility time would rob people of the ability to have a friend in the world of work that they can count on at a time of need.","ACCESS","GENERAL","AUTONOMY","0.9543","GENERAL"
"My Liberal Democrat colleagues and I are also pushing for an amendment to make caring a protected characteristic.","RIGHTS","STATUS","JUST","1.0000","SECURITY"
"Finally, my great friend my hon. and gallant Friend the Member for Bracknell (James Sunderland) mentioned that our armed forces and the police have not been able to strike for over 100 years. That system has worked, so I am not necessarily worried about this particular piece of legislation.","COMPAR","STRIKE","ADEQ","1.0000","GENERAL"
" my simple question is: why not deal with that through a general anti-intimidation law rather than a specific union law?","CREATE","GENERAL","REPLIC","0.9989","GENERAL"
"The Bill, which has been bodged both in Committee and today, has been put together simply to assuage the union paymasters that fund so many Labour Members.","POLIT","GENERAL","ADEQ","1.0000","STRIKE"
"I ask all Members to vote against this most pernicious, partisan and overtly political Bill, which is one of the most objectionable that I have seen in my time in the House.","POLIT","GENERAL","POLIT","1.0000","GENERAL"
"That is fair for workers and businesses.","JUST","GENERAL","BALANC","0.7854","WAGES"
"The Government firmly believe that the ability to strike is an important element of industrial relations in the UK. That ability is rightly protected by law, and we understand that an element of disruption is likely with any strike.","LEGAL","STRIKE","POLIT","0.9184","STRIKE"
"But does the hon. Gentleman accept that those strikes have tripled since the Tories took over in London in 2008? It is an absolute disgrace that the Mayor of London has never sat down and met the trade unions and treated them as though they were equal partners or human beings in the same race.","RELATE","STRIKE","AUTONOMY","1.0000","STRIKE"
"The human rights memorandum that accompanied the Transport Strikes (Minimum Service Levels) Bill last October stated specifically that the Government’s legal advice was that it is not justifiable or necessary in a democratic society to have such restrictions in emergency and patient care services, in fire and rescue, or in education—only in transport. That does not appear in the human rights memorandum that accompanies this Bill.","RIGHTS","STRIKE","BALANC","0.7123","STRIKE"
"The truth is, however, that the legislation will not make any difference. The ballots held by ASLEF and the National Union of Rail, Maritime and Transport Workers have huge turnouts, and their members are expressing legitimate concerns about safety and manning levels that many of the travelling public share. I do not know whether the hon. Gentleman has used the tube recently, but the stations are being denuded of the human beings who used to be there to offer assistance. This measure will do nothing to help that position. In fact, it will make matters worse.","RIGHTS","STRIKE","ECONOMIC","1.0000","STRIKE"
"Businesses will gain too, where this boosts workforce participation and helps employers to fill vacancies. ","ECONOMIC","STATUS","POLIT","0.9799","GENERAL"
"a very high percentage of people who are trade union representatives and members are extremely concerned about this Bill�s possible infringement  of their right and freedom to assemble, which is guaranteed by article 11 of the European convention on human rights.","AUTONOMY","GENERAL","LEGAL","1.0000","GENERAL"
" Does he agree that the Bill is anti-business and anti-working practice and that most employers that have trade unions recognise their value?","RELATE","GENERAL","ADEQ","0.8967","GENERAL"
"New clause 84 and amendment 284 rightly demand that the Secretary of State assess the impact of clause 7 before it comes into force. Rushed policymaking will not help workers or businesses, it will create uncertainty and drive investment away.","ECONOMIC","GENERAL","ECONOMIC","1.0000","SECURITY"
"He told us clearly that we must not erode fundamental rights and liberties. The hon. Member for Bedford (Richard Fuller), in another excellent speech, raised concerns over the new notice periods, the role of the certification officer, which is set to expand massively, and the risk of inadvertent criminalisation.","AUTONOMY","GENERAL","RIGHTS","0.9934","GENERAL"
"It will enable those regulations to apply to section 49 of the National Minimum Wage Act 1998 in order to prevent employers from trying to contract out of their new record keeping obligations.","DETER","WAGES","RIGHTS","0.9996","WAGES"
"On new clauses 89 and 90, almost everything this Government have done is contradictory to the objective of growth, if that remains their objective this week. Whether it is the national insurance jobs tax, the changes to business rates or this Bill, everything they do seemingly goes against growing the economy.","ECONOMIC","GENERAL","ECONOMIC","1.0000","GENERAL"
"However, the right to withdraw labour as a last resort is a fundamental human right and a hallmark of any free and democratic society. It is safeguarded by a wide range of international treaties, including the European social charter and the European convention on human rights.
","RIGHTS","STRIKE","LEGAL","1.0000","GENERAL"
"Unison and GMB told me that they limited strike action to six or 12 hours instead of 24 hours, that there were procedures for bringing workers back from the picket line if they were needed on the ward, and that they monitored call volumes in real time to ensure that patients were kept safe.","COLLECT","STRIKE","BALANC","0.9999","GENERAL"
"The Government are carrying out this attack on trade unions not for practical reasons supported by evidence, but out of their ideological commitment to fighting the battles of generations past and to pursuing their mission to weaken and destroy the labour and trade union movement.","POLIT","GENERAL","POLIT","0.9998","GENERAL"
"Perhaps the Minister will set out how someone might appeal if they are not content initially with the way the process goes. Will there be an opportunity for them to go to court if they are not satisfied with the response they get through the digital route?","COURTS","GENERAL","RELATE","0.9995","GENERAL"
"they are clear that having those policies in place to support caring is not only good for the employees, but makes them better employees for the employer. The employers really benefit from having members of staff who support them and are also able to do the best for their families.","RELATE","WAGES","BALANC","0.9999","GENERAL"
"and, perhaps more to the point, who will pay for the use of that financial intermediary? Will the cost fall on the debtor and be greater than the current system of court fees?","ECONOMIC","GENERAL","ECONOMIC","1.0000","GENERAL"
" How can unions offer independent workplace representation to people who desperately need their help if they are tied to the Labour party by funding it automatically?","AUTONOMY","GENERAL","POLIT","0.9169","STRIKE"
"Only if they fail to do so could they face civil action in court.","RIGHTS","STRIKE","RIGHTS","1.0000","GENERAL"
" We are also concerned with the new proposals on picketing and providing names. Such measures can only result in a new blacklist. Anyone who is a picket might as well wear two armbands��union picket� on one arm and �blacklist me� on the other. That sets a very dangerous precedent.","AUTONOMY","STRIKE","AUTONOMY","1.0000","GENERAL"
"Despite what some Members assert, the daily business of unions is not taken up with organising industrial action. They represent their members in many ways, ensuring healthy and safe workplaces, delivering learning opportunities and bargaining collectively to ensure that pay keeps pace with the cost of living, the benefits of which are also experienced by non-union members.","COLLECTIVE","GENERAL","ECONOMIC","0.9985","STRIKE"
"It is right that the Bill brings in protection for hard-working people who want proper workplace representation rather than just a cash cow to be milked by union leaders for their own political game.","POLIT","GENERAL","POLIT","0.9999","STRIKE"
"Every single small business that I have talked to in my constituency is very concerned about the measures in this—","ECONOMIC","GENERAL","BALANC","1.0000","STRIKE"
"This Bill undermines a number of basic, fundamental human rights.","AUTONOMY","GENERAL","AUTONOMY","0.9984","GENERAL"
"Let us make no mistake about it, the purpose of requiring union members to opt in to political funds is to attack and damage the finances of the Labour party so as to make the Conservative party�s financial advantage even greater than it already is. If this Bill passes, it would break a long-standing consensus in British politics that the Government should not introduce partisan legislation unfairly to disadvantage other political parties.","POLIT","GENERAL","POLIT","1.0000","GENERAL"
"As many of my colleagues have touched on the specific impact on industrial relations, I wish to talk about some of the wider ramifications of this legislation, in particular its impact on an issue that is close to my own heart�the vital work of challenging political extremism in British society and the role that the trade union movement has played, and continues to play, in that.","POLIT","EQUAL","POLIT","0.9634","STRIKE"
"The hon. Lady might say that, but recent analysis shows that in the past four years, 3 million days have been lost to strike action. I am not content with the impact of that on my constituents. Hertsmere is close to London, and when there is a tube strike or a  train strike, my constituents are massively adversely affected.","ECONOMIC","STRIKE","BALANC","1.0000","STRIKE"
"As my hon. Friend said, a two-year-old mandate is unlikely to reflect the latest negotiations and would fail to reflect changes in the workforce. To ensure that any industrial action is based on a current mandate from current members, the Bill provides a four-month validity period after a ballot result is announced.","RIGHTS","STRIKE","REPLIC","0.9647","STRIKE"
"The Government pretend that commuters in Ilford North and across London will no longer be affected by tube strikes, but the transport unions do meet the threshold, so this is not an attack on tube drivers going on strike, it is an attack on midwives, dinnerladies and other low-paid public sector workers who have the temerity to take on this Government.","POLIT","STRIKE","BALANC","1.0000","STRIKE"
"I absolutely agree with my hon. Friend. In fact, many of the issues raised could be dealt with through general legislation rather than a specific trade union Bill.","CREATE","GENERAL","ADEQ","1.0000","STRIKE"
"The age-old entitlement of lawyers to observe client confidentiality is threatened by the Bill, which puts trade union membership on a par with the activities of criminals and terrorists. Whatever happened to privacy and confidentiality?","COLLECTIVE","GENERAL","JUST","0.9835","EQUAL"
"I am interested in seeing improvements to trade union rights in this country. Many colleagues have mentioned e-balloting. If we want more people to participate in a ballot, we should make it easier for them to do so.
","REPLIC","GENERAL","","1.0000",""
"A poll by the Federation of Small Businesses found that last year�s strike action on the London underground cost about �600 million in lost hours, lost business, and lost productivity. Across Britain this year, we have again seen the shut-down of the London underground, strikes on ferries in western Scotland, strikes on trains on the First Great Western network, and strikes on buses in Cardiff, with future strikes potentially affecting the rugby world cup.","ECONOMIC","STRIKE","ECONOMIC","1.0000","STRIKE"
"The Government sell themselves as being interested in productivity and business, but these proposals run entirely contrary to that ethos. The Bill introduces unnecessary new and complex bureaucracy: it will increase costs for unions and employers, as legal disputes develop, and it undermines social justice.","AUTONOMY","GENERAL","ECONOMIC","1.0000","GENERAL"
"The legislation will allow regulations to be made to ensure that specified services cannot shut down completely when workers strike. That is to maintain crucial and, in many cases, life-saving services.","PHYSICAL","STRIKE","RIGHTS","1.0000","STRIKE"
"Boosting wages will increase workforce participation, helping employers fill vacancies and supporting us to reach our ambition of 80% employment.","ECONOMIC","WAGES","ECONOMIC","1.0000","WAGES"
" These changes are entirely consistent with that. We are saying that if someone is a union member, they should know that some of their money is going towards political purposes. It should be open and transparent. That is not the case in England, Scotland and Wales. It is the case in Northern Ireland. If it works in Northern Ireland, it can work in the rest of the United Kingdom.
","COMPAR","GENERAL","COMPAR","1.0000","GENERAL"
"E-balloting is accepted for the first stages of the election for the Conservative party mayoral candidate�it is secure enough for that�and for secure workplace balloting on recognition agreements, which is enshrined in legislation, but e-balloting is not accepted in the Bill.","REPLIC","GENERAL","ADEQ","0.9997","GENERAL"
"My hon. Friend the Member for Stafford (Jeremy Lefroy) raised the question of e-balloting, and he is right that there is no in-principle objection to the idea of voting online. The objection is practical. In January 2015, the Open Rights Group�I think that it believes in open rights�gave evidence to your Commission on Digital Democracy, Mr Speaker, in which it said:

�Voting is a uniquely difficult question for computer science: the system must verify your eligibility to vote, know whether you have already voted, and allow for audits and recounts. Yet it must always preserve your anonymity and privacy. Currently, there are no practical solutions to this highly complex problem and existing systems are unacceptably flawed.�

If the Opposition can find a practical solution, I look forward to hearing it.","REPLIC","GENERAL","REPLIC","1.0000","GENERAL"
"Before I was so rudely interrupted, I was just about to say that the Bill rides roughshod over that right. It threatens the basic options that those at work have to safeguard their pay and conditions by standing together to win improvements. Liberty, Amnesty and the British Institute of Human Rights have all said that the Bill�s purpose is to

�undermine the rights of all working people�

and amounts to a

�major attack on civil liberties in the UK.�","AUTONOMY","GENERAL","JUST","0.9990","GENERAL"
"Given the worrying situation that far too many people sadly find themselves in with rising personal debt, why are the savings not greater?","ECONOMIC","GENERAL","ECONOMIC","0.9988","STATUS"
"When even Conservative Members are referring to the Bill as �Franco-style�, we have to recognise that there is something seriously wrong.","JUST","GENERAL","JUST","0.9236","GENERAL"
"We accept that there are gaps between the modern slavery network enforcement processes and current employment rights enforcement. We are working with the Home Office and the GLAA to improve that.","ENFORCE","STATUS","ENFORCE","1.0000","EQUAL"
"Clauses 7 and 8 extend the notice requirements for any industrial actions and restrict the effect of any ballot for strike action to four months. These clauses are designed to narrow the effectiveness of any industrial action, even if it has reached the much higher requirements of turnout and support required for clauses 2 and 3. There is no sign of any evidence that could justify these changes and no sign of a clamour for employers to change the existing system.","REPLIC","STRIKE","REPLIC","1.0000","STRIKE"
" The process will be cheaper than going through the courts—I believe it will be £50 cheaper—so why is the saving so small and not greater?","COURTS","GENERAL","RIGHTS","0.9905","STRIKE"
" There is no transparency around how much time they spend on union work and no controls in place to ensure that the taxpayer is getting value for money. It is a situation that most ordinary Britons, including many dedicated public servants I have spoken to, find absolutely baffling. That is why civil service Departments are already required to publish information about the use of facility time by their staff. The Bill allows the Government to make regulations extending that to all public sector employers. It will include information about an employer�s spending on trade union duties and activities and about how many of its union representatives spend a specified percentage of their time on their union role. We have already made considerable savings for the taxpayer by requiring Departments to publish this information, as we have just heard from my hon. Friend the Member for Wells (James Heappey). However, if transparency alone  does not lead to further savings, the Bill also grants Ministers the power to set a cap on the time and money spent on facility time.","ECONOMIC","GENERAL","ADEQ","1.0000","GENERAL"
"The Bill is absolutely wrong. I can think of no other way to put it. The Government need to take a step back, listen to the contributions of Opposition Members, think again and introduce something completely different that respects and moves the trade union movement forward, rather than using a sledgehammer to shut it down.
","REPLIC","GENERAL","RELATE","1.0000","GENERAL"
"The truth is that the number of days lost to strike action now is less than one tenth of what it was in the 1980s. Of far greater importance to the state of the economy is the chronic underinvestment in skills. This Bill, while obnoxious, is utterly irrelevant to the key problems of this country. The tube workers aside, only teachers and firefighters have caused any real national concern since 2010, and even they normally did so only one day at a time. Even the resistance of the National Union of Rail, Maritime and Transport Workers to plans for keeping the underground open all night are not that unreasonable. Night shifts are unsociable, unhealthy and potentially dangerous as they lead to over-tiredness. But the central point here is not acknowledged in the Bill. The Government seem to believe that whenever a strike occurs, it is always the fault of the workers irrespective of what the employer has done.","RELATE","STRIKE","RELATE","1.0000","STRIKE"
"If we want a more productive economy, the Government would do better to make investment in skills and technology a priority, rather than weakening the role of trade unions.","ECONOMIC","GENERAL","ECONOMIC","1.0000","GENERAL"
"Finally, to introduce the Bill on today of all days is a slap in the face that treats working people with contempt. This is arrogance that knows no bounds from a Government that are once again treating working people and trade unions as the enemy within.","POLIT","GENERAL","JUST","0.7189","GENERAL"
"At the end of the day, the Government have a responsibility to ensure that certain levels of service are provided in key sectors and in our public services, and rightly so.","JUST","STRIKE","BALANC","0.9987","STRIKE"
"I am sure my hon. Friend is aware that the TUC estimates that union workplace representatives contribute to overall productivity gains that are worth between �4 billion and �12 billion. Does she agree that measures that have had such a positive effect on productivity should be welcomed and, indeed, promoted?","ECONOMIC","GENERAL","ECONOMIC","1.0000","GENERAL"
"A fundamental principle is at stake in this Bill, which is the ability of working people to combine in the trade union movement for their collective benefit�a combining together that has brought higher wages, better working conditions and enhanced rights at work.","ACCESS","WAGES","COLLECTIVE","1.0000","GENERAL"
"There are also the businesses throughout the land whose sales and productivity are suffering. They are terrified that, at a time of high inflation, their livelihoods are at risk along with those of their employees.
","ECONOMIC","STRIKE","JUST","0.9998","STRIKE"
"Those regulations will be tailored to each relevant service, taking account of the different risks to public safety or the impacts on daily life and on the economy.","BALANC","STRIKE","CREATE","1.0000","STRIKE"
"It cannot be right that, in the 21st century, our great country and our economy are put at risk by strike action.","ECONOMIC","STRIKE","REPLIC","1.0000","GENERAL"
"The Government are on a mission to take power from the people, with restrictions on the right to protest, restrictions on democracy with voter ID, the removal of huge chunks of human rights through their Retained EU Law (Revocation and Reform) Bill—that will scrap more than 4,000 pieces of legislation, many of which cover the basic rights of people in this country—and now this disgraceful attempt to criminalise workers taking legitimate industrial action.","JUST","STRIKE","AUTONOMY","0.9998","GENERAL"
"It seems clear that paid carer’s leave helps carers and those they care for, and it is good for our economy.","ECONOMIC","WAGES","ECONOMIC","1.0000","WAGES"
"He seems to be arguing that just because there are times of danger, we ought, by design, to enable a system that prevents unions in the ambulance service from telling the NHS when ambulances will be there and what the minimum service would be. That is the issue that we seek to address today.","PHYSICAL","STRIKE","ADEQ","0.9357","STRIKE"
"For the first time, the certification officer will have the ability to impose financial penalties on unions that do not comply with statutory requirements�the very requirements that Parliament has deemed necessary. The Bill passes the cost of that regulation on to the unions. That is entirely in line with modern best practice. It is why banks fund the Financial Conduct Authority and why utility regulators are paid for by utility firms.","COMPL","GENERAL","ADEQ","1.0000","GENERAL"
"Furthermore, since 2008 there have been 26 strikes on the London underground�I am a London MP, and I have lived in this city all my life. Anyone who claims that the National Union of Rail, Maritime and Transport Workers does not strike lightly has not tried to travel in this city during one of those 26 strikes. I point out that 19 of those strikes would not have happened under this legislation.","ADEQ","STRIKE","ECONOMIC","1.0000","GENERAL"
"To those who say that we politicians have no cause to set thresholds, let me remind you that in America, the land of the free, 39 states have banned strikes by mass transit workers.
","COMPAR","STRIKE","RELATE","0.9999","STRIKE"
" As things stand, that is not always the case. Union leaders can secure a mandate for industrial action and then keep using it for as long as they please. For example, in October 2013 the NASUWT justified a walk-out by citing a mandate acquired in November 2011, almost two years earlier. That is hardly a constructive approach to industrial relations","RELATE","STRIKE","RELATE","1.0000","STRIKE"
"Clearly, if we were to meet all the inflation busting demands of the unions, that would make life harder not only for some but for every single family in this country.","ECONOMIC","WAGES","JUST","1.0000","STRIKE"
"There is a huge economic case for retaining the current arrangements.","ADEQ","GENERAL","ECONOMIC","1.0000","WAGES"
"I turn to amendment 286 and new clause 86 on unfair dismissal and business confidence. The Government’s proposal to grant employees the right to claim unfair dismissal from day one is another reckless intervention, and one that is raised with me by small businesses day in, day out.","ECONOMIC","SECURITY","ADEQ","1.0000","SECURITY"
"In typically cynical and dishonest fashion, they cloak the Bill in the claim of protecting the public when in fact it does the opposite: it makes families and ordinary people much more insecure by taking away one of the few avenues of protection they have in their economic and working lives.","POWER","GENERAL","ECONOMIC","0.9119","EQUAL"
" This Bill, like so many others, rips up the constitution in favour of a naked political attack. It is an attack on the ability of trade unions and their members to have a say in politics, just at the time when it has never been more important that working people have a voice.
","POLIT","GENERAL","POLIT","0.9943","GENERAL"
"The Government firmly believe that the ability to strike is an important element of industrial relations in the UK. That ability is rightly protected by law, and we understand that an element of disruption is likely with any strike.","RIGHTS","STRIKE","POLIT","0.9184","STRIKE"
"The Bill will ensure that we protect the ability of workers to take industrial action","RIGHTS","STRIKE","BALANC","0.9176","STRIKE"
"It seems clear to me that, in putting forward this Bill, the Government fail to understand the value of trade unions� contribution to working practices, health and safety, productivity and the economy. The Government say that the aims of this Bill are to enable the UK to pursue an ambition to become the most prosperous major economy in the world by 2030, and to ensure that hard-working people are not disrupted by strike action.  I believe that, far from delivering those aims, the Bill is likely to work against them.","ECONOMIC","GENERAL","ECONOMIC","1.0000","WAGES"
"If this is such a fair and reasonable Bill, why does the right hon. Gentleman�s predecessor, Vince Cable, say that it is both �vindictive� and �unnecessary�?","JUST","GENERAL","AUTONOMY","0.9997","GENERAL"
"Combined with the 10-year reminder change, it is highly likely that many trade union members will not be aware that their subscriptions are being used in this way or that they are eligible to save money on their trade union fees by not being a member of the political fund.","AUTONOMY","GENERAL","AUTONOMY","0.9995","WAGES"
"Individually and cumulatively, these proposals will fundamentally damage the capacity of unions to organise strikes. Many of these are not needed, but having the right to go on strike is an important tool on the table when you are sat down negotiating on behalf of members.","ACCESS","STRIKE","RELATE","1.0000","STRIKE"
"I would also welcome any clarity the Minister can provide around how he intends to escape the inevitable confusion arising when attempting to ballot a workplace where some occupations are covered by the �important public services� provisions and others are not. Will the Minister give further details on the requirement for �reasonably detailed� information to be provided on ballot papers? If a failure to provide such information is to be a basis for legal action by employers against workers taking industrial action, it is crucial that the House should be informed in advance of how �reasonably detailed� is to be defined","ADEQ","STRIKE","RIGHTS","1.0000","STRIKE"
"As a trade unionist, I knew that taking strike action was a last resort, and not one that any of us wanted to take, but when all else fails, that is what is left. Without it, the bad bosses would not want to negotiate in the first place.","COLLECTIVE","STRIKE","POLIT","0.7346","STRIKE"
"Does she agree that the Government�s proposals are a threat to the security of our country because they threaten democracy?","AUTONOMY","GENERAL","AUTONOMY","1.0000","GENERAL"
"Given the urgent necessity to promote growth, surely the acid test of a Bill such as this is whether it will actually make it more attractive for entrepreneurs to create jobs.","ECONOMIC","STATUS","ECONOMIC","1.0000","STATUS"
"This brings the provision in line with other changes to unfair dismissal.","LEGAL","SECURITY","REPLIC","0.9997","SECURITY"
"It is certainly not an attack on public sector workers, and suggestions otherwise from Labour Members are both disgusting and an attempt to stifle genuine debate.","JUST","STRIKE","RIGHTS","0.9435","GENERAL"
"The Bill aims to make it more difficult to take industrial action by forcing unions to give further notice before striking, introducing even higher thresholds for successful strike ballots and further restricting the right to picket. I note from elsewhere�this is critical to how the Bill will work�that the Government are minded to allow employers to bring in agency workers in the event of a strike. They are consulting on that currently. The Bill will undermine facility time, which will reduce the ability of union officials to represent their members at work.
","ACCESS","STRIKE","AUTONOMY","1.0000","GENERAL"
"but it is a fact that when strikes are on and ambulances are unable to find out from their unions whether they will operate, that is an additional concern for members of the public—including Opposition Members’ constituents, whom they seem rather not to care about in this case.","JUST","STRIKE","ADEQ","0.9530","STRIKE"
"This is a landmark Bill that, once implemented, will represent the biggest upgrade in employment rights for a generation","RIGHTS","STATUS","RIGHTS","1.0000","SECURITY"
"This is the Prime Minister who gags civil society, presiding over a Government who would have police officers taking the names of people on the picket lines when they should be out arresting criminals.","AUTONOMY","GENERAL","AUTONOMY","1.0000","GENERAL"
"During recent strike action by the ambulance service—this has been referred to a couple of times, and I want to read it out because it is written down—the NHS has not been reassured by the relevant union that it can rely on the current system of voluntary local derogation, which I think is what the hon. Member for York Central was talking about earlier. It could not rely on those arrangements to ensure that patient and public services were provided.","ADEQ","STRIKE","BALANC","1.0000","STRIKE"
"This Bill seeks to refashion that framework into a set of shackles, leaving unions unable to perform the functions for which they exist.","AUTONOMY","GENERAL","ADEQ","1.0000","SECURITY"
"Strikes are a symptom of poor industrial relations, not a cause.","RELATE","STRIKE","RELATE","0.9839","STRIKE"
"They recognise the positive contributions of unions to performance, improvement and innovation in the workplace, and they decry the Government�s proposals as undermining the ability of unions to protect terms and conditions, and leading to the loss of employee voice.","AUTONOMY","GENERAL","COLLECTIVE","1.0000","EQUAL"
"On the claim of minimum safety levels across Europe, is the Secretary of State aware that, according to the OECD, France lost, on average, 112 days per 1,000 workers between 2008 and 2018? Spain lost 76 strike days, and Italy lost 42. Yet the UK lost only 20 strike days.","COMPAR","STRIKE","ECONOMIC","1.0000","STRIKE"
"But the Bill is not done with offending principles of natural justice. The cumulative impact of the new proposals would mean that the certification officer was responsible for making a complaint, investigating it, reaching a decision, and setting a punishment.","JUST","GENERAL","JUST","1.0000","GENERAL"
"Under this legislation, all of that work is under threat. That is compounded by the horrendous gagging Act, and the resultant chill factor is unacceptable. Clause 10 would place severe restrictions on trade unions� ability to raise and maintain their political funds, because every restriction placed on trade union support for the Labour party applies equally to the wider community campaigns that the movement undertakes.
","POLIT","GENERAL","AUTONOMY","1.0000","GENERAL"
"The UK is wages-led: it is wages, not profits, that drive growth in our economy. If profit shares go up, as has been the case for the past four decades, demand actually decreases. A 1% increase in the profit share leads to a 0.13% decrease in demand, which is a loss of �2.21 billion to the economy at today�s levels.","ECONOMIC","WAGES","ECONOMIC","1.0000","WAGES"
"Does he agree with me, as a former teacher myself, that removing fire and rehire will give the young people that he used to teach the confidence that when they go into the workplace, they will look at careers and not just jobs?
","JUST","SECURITY","CREATE","0.9585","SECURITY"
"Does he agree with me that this clause is simply payback for the trade union movement, after its financial support for the Labour party?","POLIT","GENERAL","AUTONOMY","1.0000","GENERAL"
"With the increase in conditions that can be variable over time, the flexible working right will help people.","JUST","STATUS","ECONOMIC","0.9923","STATUS"
"There is little evidence�in fact, there is an overwhelming lack of evidence�that change in this area is needed. The Secretary of State mentioned the Carr review, which was set up in April 2014 and reported in October 2014. It looked at issues of intimidation. Frankly, it was right to do so. However, it found little evidence of intimidation. Nevertheless, on the basis of that report the Government have decided to introduce this legislation.","ADEQ","GENERAL","ADEQ","1.0000","STRIKE"
"Clauses 54 and 55 will increase that cost by giving more time off to public sector union officials at the taxpayer’s expense. That is not right when the Chancellor is asking Ministers to make cuts to their Departments across the board.","JUST","STRIKE","ECONOMIC","1.0000","STRIKE"
"The last thing that the workers want to do is to go on strike, but when they have genuine, reasonable and pressing demands over such essential issues such as job losses, safety problems and pay, and those demands are swept to one side, as they often are, with little or no negotiation, they have no alternative but to take industrial action. To blame and penalise them and not bad management, as the Tory party and its pals in the media automatically do, is a total charade.","RELATE","STRIKE","POLIT","0.9971","STRIKE"
"If the Government are serious about democracy and increasing participation, why are they introducing so many barriers and restrictions while denying trade unions a debate about electronic balloting and secure workplace balloting? If the Government intend to proceed with the Bill, they must bring forward amendments to it.","AUTONOMY","GENERAL","REPLIC","1.0000","GENERAL"
"On picketing, I stood on a picket line in my constituency in 2011. Six careworkers from 10 to 22 years� service faced being sacked by a Conservative council. Under the Bill, they would have had to report to and give their names to the police. As one of them said to me last week, �Jack, we�re not criminals.� As a police officer said to me last week in the west midlands, �Jack, this is not a police state.�","JUST","GENERAL","AUTONOMY","1.0000","GENERAL"
"The Bill also takes crucial steps towards banning exploitative zero-hours contracts, ensuring that all workers have predictable hours and offering security for their day-to-day lives. I am pleased to see amendments extending such protections to agency workers.","RIGHTS","SECURITY","BALANC","1.0000","SECURITY"
"The Bill, the employment tribunal fees and the attack on the Human Rights Act are a combined attack on working people by a Government who have given up the mantle of one nation.","POLIT","GENERAL","JUST","1.0000","GENERAL"
"The human rights memorandum that accompanied the Transport Strikes (Minimum Service Levels) Bill last October stated specifically that the Government’s legal advice was that it is not justifiable or necessary in a democratic society to have such restrictions in emergency and patient care services, in fire and rescue, or in education—only in transport.","RIGHTS","STRIKE","BALANC","1.0000","STRIKE"
"They were typically extremely destressed by their experiences, and for quite a lot of them, their mental health had deteriorated substantially in the course of what they had gone through.","PHYSICAL","SECURITY","ADEQ","0.9880","GENERAL"
"This Bill also makes no provision for the compensatory measures the ILO requires alongside such regulations.","RIGHTS","STRIKE","REPLIC","0.9980","STRIKE"
"The Government now seek to clamp down on political opposition and leave workers defenceless against pay cuts and attacks on hard-won terms and conditions.","POLIT","WAGES","POLIT","0.9999","WAGES"
"Despite what the Secretary of State says, it is also clear that this legislation will allow employers to target those they think are part of an awkward squad.","POWER","STRIKE","RIGHTS","0.9792","STRIKE"
"We have an opportunity to give carers in employment a fair deal right across the country, while also bolstering our economy.","JUST","WAGES","RELATE","1.0000","WAGES"
"The Bill will only add greater uncertainty to what can and cannot be done and, in my view, is likely to lead to greater politicisation, not less.","POLIT","GENERAL","ECONOMIC","0.8729","STRIKE"
"The idea of cabals of shop stewards who pursue nakedly party political or political agendas is a myth peddled by the Conservative party.","POLIT","GENERAL","POLIT","1.0000","WAGES"
" It was a Labour party commitment to launch an Employment Rights Bill within 100 days of taking office, and I am proud that we have delivered on that commitment and that we have this Bill here today.","POLIT","GENERAL","POLIT","1.0000","GENERAL"
"Our view is that the Government have no right to interfere in the industrial relations of councils, health boards or devolved Administrations in the United Kingdom. Facility time improves industrial relations. It negates issues that would otherwise go to tribunal. If an employer has good facility time arrangements, disciplinary hearings and grievance hearings, for example, are conducted in a timeous fashion. If facility time is interfered with, those timescales will slip. Facility time is a good thing, it is good for industrial relations and it gets things done.","RELATE","GENERAL","RELATE","1.0000","GENERAL"
"They cannot simultaneously say that this is an horrendous piece of legislation that will stop all strike action while also saying that it will have no effect. The hon. Gentleman should choose one line of argument or the other. Teachers would certainly be subject to the legislation, and their last strike would have been affected by measures such as these.","RIGHTS","STRIKE","BALANC","1.0000","STRIKE"
"the Bill does not say that there are industries in which strikes should not take place, it is an effort to affect  millions of trade unionists and inhibit their right to strike because of a dispute involving a few thousand people at London Underground.","RIGHTS","STRIKE","AUTONOMY","0.7266","STRIKE"
"It is members of trade unions, who are working people, that the Bill seeks to protect.","REPLIC","GENERAL","BALANC","0.9953","STRIKE"
"�Trade unions have been an essential force for social progress, without which a semblance of a decent and humane society is impossible under capitalism.�

The trade union movement in the UK, independent of the Labour party and with the Labour party, is responsible for the fundamental gains of working people, many of which we now take for granted, including the weekend, maternity leave, the national health service and the national minimum wage.","JUST","GENERAL","ECONOMIC","1.0000","GENERAL"
"Does my hon. Friend agree that often it is not trade union members in general who cause these strikes to happen, but a very small, politically motivated number of union organisers, and that is why it is right to have the threshold in the Bill?","POLIT","STRIKE","POLIT","0.9879","STRIKE"
"What it shows is that it is necessary to make sure that relations between workers who need support and the trade unions do not become part of a proxy political battle.","POLIT","GENERAL","ADEQ","0.7998","GENERAL"
"It is reform that we should be talking about today—reform that can lead to better public service delivery, changes to our laws—","RIGHTS","STRIKE","ECONOMIC","1.0000","GENERAL"
"That would further help redistribute the power imbalance between employers and employees, which currently allows low wages and poor working conditions to become commonplace.","POWER","SECURITY","RELATE","1.0000","EQUAL"
"Can the Secretary of State confirm that this legislation cannot possibly be used to sort out the present winter of discontent? If anything, it will make it far more difficult to secure a resolution of any of the individual strikes, and therefore it is just political posturing.","ADEQ","STRIKE","POLIT","1.0000","GENERAL"
"I understand why trade unionism was right, and my father and his father understood it as well�it is because people used to get killed down the pits on a daily basis until the unions came in and fought for members. This Bill undermines that.","COLLECTIVE","GENERAL","AUTONOMY","0.9999","STRIKE"
"Clause 10 will make the act of political donation one of free will, and I see no reason other than self-interest why it should not be supported.","POLIT","GENERAL","POLIT","1.0000","GENERAL"
" The House should not take my word for it or the word of those who have spoken today. Let us listen to the independent Regulatory Policy Committee, which described the Bill as not fit for purpose, to Amnesty, Liberty and the British Institute of Human Rights, which described it as a major attack on civil liberties, and to the Chartered Institute for Personnel and Development, which said:

�We need to see more consultation and�engagement with, the workforce, rather than the introduction of mechanisms that reflect the industrial relations challenges of the 1980s.�","AUTONOMY","GENERAL","REPLIC","1.0000","GENERAL"
"I asked a question about reducing the stigma of bankruptcy. Are the measures seen as a way of doing that,","RELATE","GENERAL","RELATE","0.9667","GENERAL"
"Instead of the illegal blacklisting previously done by some companies, employers now can name workers they want to break a strike, and sack those workers if they stay true to their beliefs.","POWER","STRIKE","RIGHTS","1.0000","SECURITY"
"There is nothing wrong with facility time�the Bill is clear about that�but it should be open and transparent, and the current rules do not ensure that.
","RIGHTS","GENERAL","RIGHTS","1.0000","GENERAL"
"Given the serious questions about its effect on fundamental rights, the Bill may be open to legal challenge on a number of fronts, including its impact on the devolution settlements, because it covers areas such as health and education that are clearly devolved. The Welsh Government, who have a substantially better record of working constructively with trade unions than this Administration, have objected to the proposals in strong terms, and are considering whether a legislative consent motion might be appropriate.","LEGAL","GENERAL","LEGAL","1.0000","GENERAL"
"I welcome the enhancement of the role of the certification officer, and it is again a common-sense reform for officers to be able to act on information or concerns they have received from a third party. In addition, I welcome the fact that they have specific investigatory powers to regulate trade unions in order to make this legislation workable.","REPLIC","GENERAL","REPLIC","1.0000","GENERAL"
"However, we recognise that there are cases where unions and employers, working together, may want to agree more tailored rights than the provisions allow, which would benefit both the workers and the employer given the unique context of that particular sector. Unions, businesses and trade associations have made a case for that flexibility in their meetings with us. We want to allow for that, while also providing a baseline for sectors where unionisation is uncommon or agreement cannot be reached. New clause 33 and associated amendments will allow employers and unions to collectively agree to modify or opt out of the zero-hours contract measures.","BALANC","STATUS","BALANC","1.0000","STATUS"
"I therefore welcome the measures in the Bill to provide more clarity and democracy. The Bill will improve trade union practices and increase transparency. I particularly commend three measures: first, time-limited mandates, which will improve clarity and democratic legitimacy, secondly, the requirement for a clear description of the planned industrial action, which is fair and reasonable, and thirdly, the proposal for a new, transparent opt-in system for political subscriptions, which is welcome.","AUTONOMY","STRIKE","REPLIC","1.0000","GENERAL"
" Let me be clear: the withdrawal of labour is a fundamental right, but it is a right that must be tempered with responsibility.","RIGHTS","STRIKE","BALANC","0.9857","STRIKE"
"It is right that there is a second test, particularly in the more essential public services. Disproportionate disruption can be caused to people who have no say in the calling of that strike. It is important that we ensure that the rights of those who use the service�the public�are taken into account just as much as those who are calling the strike, particularly given the recent tube strikes.","BALANC","STRIKE","BALANC","1.0000","STRIKE"
"Countries such as Australia and Canada have the ability to ban outright those strikes that would endanger lives, such as in some blue-light services.","COMPAR","STRIKE","COMPAR","1.0000","STRIKE"
